{
  "name": "ias",
  "title": "Infinite Ajax Scroll",
  "description": "jQuery plugin that progressively enhances your server-side pagination",
  "version": "2.2.3",
  "homepage": "http://infiniteajaxscroll.com",
  "download": "http://infiniteajaxscroll.com/download.html",
  "docs": "http://infiniteajaxscroll.com/docs/getting-started.html",
  "demo": "http://infiniteajaxscroll.com/examples/basic/page1.html",
  "main": "src/jquery-ias.js",
  "author": {
    "name": "Jeroen Fiege",
    "company": "Webcreate",
    "web": "http://webcreate.nl"
  },
  "keywords": [
    "infinite",
    "scroll",
    "scrolling",
    "ajax",
    "pagination",
    "jquery",
    "ias"
  ],
  "licenses": [
    {
      "type": "Dual-license",
      "url": "http://infiniteajaxscroll.com/docs/license.html"
    }
  ],
  "dependencies": {
    "jquery": ">=1.7"
  }
}
